variable,label,source,dtype,n_missing,n_unique,min,max,value_labels
asbadeg,Baccalaureate degrees conferred in the Arts & Sciences (first and second majors),CCIHE,int64,0,789,0,9100,
selindex,Final Selectivity category (ACT and Pct Admit) (1=inclusive; 2=selective; 3=more selective),CCIHE,float64,1288,4,0.0,3.0,
actcmp25,"ACT Composite Score, 25 percentile",IPEDS,float64,1288,26,0.0,35.0,
actfinal,"Derived 25th percentile ACT score, weighting both ACT and equated SAT scores by number submitted",CCIHE,float64,1288,794,0.0,34.432584,
admitsf20,Number of first-time students admitted to the university (used with applicants and test scores for selectivity index),IPEDS,float64,1288,1429,0.0,74604.0,
anenr1920,"Annual enrollment headcount, academic year 2019-20",IPEDS,int64,0,3064,0,190404,
appsf20,Number of first-time student applications (used with admits and test scores for selectivity index),IPEDS,float64,1288,1481,0.0,108870.0,
asc2crtc,Associate's and Certificates of less than 2 years in career and technical fields,CCIHE,int64,0,700,0,11228,
asc2trns,Associate's and Certificates of less than 2 years in transfer fields,CCIHE,int64,0,749,0,10644,
assocdeg,Associate's degree total,IPEDS,int64,0,895,0,20449,
baccdeg,Bachelor's degree total,IPEDS,int64,0,1171,0,24676,
basic2000,2000 Carnegie Classification (historical - not updated),CCIHE,int64,0,19,-2,60,"-2=Not classified, not in classification universe; 15=Doctoral/Research Universities—Extensive; 16=Doctoral/Research Universities—Intensive; 21=Master's Colleges and Universities I; 22=Master's Colleges and Universities II; 31=Baccalaureate Colleges—Liberal Arts; 32=Baccalaureate Colleges—General; 33=Baccalaureate/Associate's Colleges; 40=Associate's Colleges; 51=Specialized Institutions—Theological seminaries and other specialized faith-related institutions; 52=Specialized Institutions—Medical schools and medical centers; 53=Specialized Institutions—Other separate health profession schools; 54=Specialized Institutions—Schools of engineering and technology; 55=Specialized Institutions—Schools of business and management; 56=Specialized Institutions—Schools of art, music, and design; 57=Specialized Institutions—Schools of law; 58=Specialized Institutions—Teachers colleges; 59=Specialized Institutions—Other specialized institutions; 60=Tribal colleges and universities"
basic2005,2005 Basic Classification (historical - not updated),CCIHE,int64,0,34,-2,33,"-2=Not classified, not in classification universe"
basic2010,2010 Basic Classification (historical - not updated),CCIHE,int64,0,34,-2,33,"1=Assoc/Pub-R-S: Associate's--Public Rural-serving Small; 2=Assoc/Pub-R-M: Associate's--Public Rural-serving Medium; 3=Assoc/Pub-R-L: Associate's--Public Rural-serving Large; 4=Assoc/Pub-S-SC: Associate's--Public Suburban-serving Single Campus; 5=Assoc/Pub-S-MC: Associate's--Public Suburban-serving Multicampus; 6=Assoc/Pub-U-SC: Associate's--Public Urban-serving Single Campus; 7=Assoc/Pub-U-MC: Associate's--Public Urban-serving Multicampus; 8=Assoc/Pub-Spec: Associate's--Public Special Use; 9=Assoc/PrivNFP: Associate's--Private Not-for-profit; 10=Assoc/PrivFP: Associate's--Private For-profit; 11=Assoc/Pub2in4: Associate's--Public 2-year colleges under 4-year universities; 12=Assoc/Pub4: Associate's--Public 4-year Primarily Associate's; 13=Assoc/PrivNFP4: Associate's--Private Not-for-profit 4-year Primarily Associate's; 14=Assoc/PrivFP4: Associate's--Private For-profit 4-year Primarily Associate's; 15=RU/VH: Research Universities (very high research activity); 16=RU/H: Research Universities (high research activity); 17=DRU: Doctoral/Research Universities; 18=Master's L: Master's Colleges and Universities (larger programs); 19=Master's M: Master's Colleges and Universities (medium programs); 20=Master's S: Master's Colleges and Universities (smaller programs); 21=Bac/A&S: Baccalaureate Colleges--Arts & Sciences; 22=Bac/Diverse: Baccalaureate Colleges--Diverse Fields; 23=Bac/Assoc: Baccalaureate/Associate's Colleges; 24=Spec/Faith: Special Focus Institutions--Theological seminaries, Bible colleges, and other faith-related institutions; 25=Spec/Med: Special Focus Institutions--Medical schools and medical centers; 26=Spec/Health: Special Focus Institutions--Other health professions schools; 27=Spec/Engg: Special Focus Institutions--Schools of engineering; 28=Spec/Tech: Special Focus Institutions--Other technology-related schools; 29=Spec/Bus: Special Focus Institutions--Schools of business and management; 30=Spec/Arts: Special Focus Institutions--Schools of art, music, and design; 31=Spec/Law: Special Focus Institutions--Schools of law; 32=Spec/Other: Special Focus Institutions--Other special-focus institutions; 33=Tribal: Tribal Colleges"
basic2015,2015 Basic Classification (historical - not updated),CCIHE,int64,0,34,-2,33,"-2=Not classified, not in classification universe; 1=Associate's Colleges: High Transfer-High Traditional; 2=Associate's Colleges: High Transfer-Mixed Traditional/Nontraditional; 3=Associate's Colleges: High Transfer-High Nontraditional; 4=Associate's Colleges: Mixed Transfer/Career & Technical-High Traditional; 5=Associate's Colleges: Mixed Transfer/Career & Technical-Mixed Traditional/Nontraditional; 6=Associate's Colleges: Mixed Transfer/Career & Technical-High Nontraditional; 7=Associate's Colleges: High Career & Technical-High Traditional; 8=Associate's Colleges: High Career & Technical-Mixed Traditional/Nontraditional; 9=Associate's Colleges: High Career & Technical-High Nontraditional; 10=Special Focus Two-Year: Health Professions; 11=Special Focus Two-Year: Technical Professions; 12=Special Focus Two-Year: Arts & Design; 13=Special Focus Two-Year: Other Fields; 14=Baccalaureate/Associate's Colleges: Associate's Dominant; 15=Doctoral Universities: Highest Research Activity; 16=Doctoral Universities: Higher Research Activity; 17=Doctoral Universities: Moderate Research Activity; 18=Master's Colleges & Universities: Larger Programs; 19=Master's Colleges & Universities: Medium Programs; 20=Master's Colleges & Universities: Small Programs; 21=Baccalaureate Colleges: Arts & Sciences Focus; 22=Baccalaureate Colleges: Diverse Fields; 23=Baccalaureate/Associate's Colleges: Mixed Baccalaureate/Associate's; 24=Special Focus Four-Year: Faith-Related Institutions; 25=Special Focus Four-Year: Medical Schools & Centers; 26=Special Focus Four-Year: Other Health Professions Schools; 27=Special Focus Four-Year: Engineering Schools; 28=Special Focus Four-Year: Other Technology-Related Schools; 29=Special Focus Four-Year: Business & Management Schools; 30=Special Focus Four-Year: Arts, Music & Design Schools; 31=Special Focus Four-Year: Law Schools; 32=Special Focus Four-Year: Other Special Focus Institutions; 33=Tribal Colleges"
basic2018,2018 Basic Classification (historical - not updated),CCIHE,int64,0,34,-2,33,"-2=Not classified, not in classification universe; 1=Associate's Colleges: High Transfer-High Traditional; 2=Associate's Colleges: High Transfer-Mixed Traditional/Nontraditional; 3=Associate's Colleges: High Transfer-High Nontraditional; 4=Associate's Colleges: Mixed Transfer/Career & Technical-High Traditional; 5=Associate's Colleges: Mixed Transfer/Career & Technical-Mixed Traditional/Nontraditional; 6=Associate's Colleges: Mixed Transfer/Career & Technical-High Nontraditional; 7=Associate's Colleges: High Career & Technical-High Traditional; 8=Associate's Colleges: High Career & Technical-Mixed Traditional/Nontraditional; 9=Associate's Colleges: High Career & Technical-High Nontraditional; 10=Special Focus Two-Year: Health Professions; 11=Special Focus Two-Year: Technical Professions; 12=Special Focus Two-Year: Arts & Design; 13=Special Focus Two-Year: Other Fields; 14=Baccalaureate/Associate's Colleges: Associate's Dominant; 15=Doctoral Universities: Very High Research Activity; 16=Doctoral Universities: High Research Activity; 17=Doctoral/Professional Universities; 18=Master's Colleges & Universities: Larger Programs; 19=Master's Colleges & Universities: Medium Programs; 20=Master's Colleges & Universities: Small Programs; 21=Baccalaureate Colleges: Arts & Sciences Focus; 22=Baccalaureate Colleges: Diverse Fields; 23=Baccalaureate/Associate's Colleges: Mixed Baccalaureate/Associate's; 24=Special Focus Four-Year: Faith-Related Institutions; 25=Special Focus Four-Year: Medical Schools & Centers; 26=Special Focus Four-Year: Other Health Professions Schools; 27=Special Focus Four-Year: Engineering Schools; 28=Special Focus Four-Year: Other Technology-Related Schools; 29=Special Focus Four-Year: Business & Management Schools; 30=Special Focus Four-Year: Arts, Music & Design Schools; 31=Special Focus Four-Year: Law Schools; 32=Special Focus Four-Year: Other Special Focus Institutions; 33=Tribal Colleges"
basic2021,2021 Basic Classification,CCIHE,int64,0,33,1,33,"-2=Not classified, not in classification universe; 1=Associate's Colleges: High Transfer-High Traditional; 2=Associate's Colleges: High Transfer-Mixed Traditional/Nontraditional; 3=Associate's Colleges: High Transfer-High Nontraditional; 4=Associate's Colleges: Mixed Transfer/Career & Technical-High Traditional; 5=Associate's Colleges: Mixed Transfer/Career & Technical-Mixed Traditional/Nontraditional; 6=Associate's Colleges: Mixed Transfer/Career & Technical-High Nontraditional; 7=Associate's Colleges: High Career & Technical-High Traditional; 8=Associate's Colleges: High Career & Technical-Mixed Traditional/Nontraditional; 9=Associate's Colleges: High Career & Technical-High Nontraditional; 10=Special Focus Two-Year: Health Professions; 11=Special Focus Two-Year: Technical Professions; 12=Special Focus Two-Year: Arts & Design; 13=Special Focus Two-Year: Other Fields; 14=Baccalaureate/Associate's Colleges: Associate's Dominant; 15=Doctoral Universities: Very High Research Activity; 16=Doctoral Universities: High Research Activity; 17=Doctoral/Professional Universities; 18=Master's Colleges & Universities: Larger Programs; 19=Master's Colleges & Universities: Medium Programs; 20=Master's Colleges & Universities: Small Programs; 21=Baccalaureate Colleges: Arts & Sciences Focus; 22=Baccalaureate Colleges: Diverse Fields; 23=Baccalaureate/Associate's Colleges: Mixed Baccalaureate/Associate's; 24=Special Focus Four-Year: Faith-Related Institutions; 25=Special Focus Four-Year: Medical Schools & Centers; 26=Special Focus Four-Year: Other Health Professions Schools; 27=Special Focus Four-Year: Research Institution; 28=Special Focus Four-Year: Engineering and Other Technology-Related Schools; 29=Special Focus Four-Year: Business & Management Schools; 30=Special Focus Four-Year: Arts, Music & Design Schools; 31=Special Focus Four-Year: Law Schools; 32=Special Focus Four-Year: Other Special Focus Institutions; 33=Tribal Colleges and Universities"
cce2020,2020/2015 Carnegie Community Engagement Elective Classification,CCIHE,int64,0,2,0,1,0=Not Classified; 1=Classified
city,City location of institution,IPEDS,str,0,1810,,,
coexpr,CIP-4s observed at both undergrad & grad/professional as percentage of undergraduate CIP-4s,CCIHE,int64,0,71,0,83,
control,Control of institution,IPEDS,int64,0,3,1,3,1=Public; 2=Private not-for-profit; 3=Private for-profit
coplac,Council on Public Liberal Arts Colleges flag,COPLAC,int64,0,2,0,1,0=No; 1=Yes
cusu,Coalition of Urban Serving Universities flag,CUSU,int64,0,2,0,1,0=No; 1=Yes
cumu,Coalition of Urban and Metropolitan Universities flag,CUMU,int64,0,2,0,1,0=No; 1=Yes
docothdeg,Doctoral degrees - other,IPEDS,int64,0,39,0,226,
docppdeg,Doctoral degrees - professional practice,IPEDS,int64,0,329,0,1180,
docresflag,Institution confers research/scholarship doctoral degrees,CCIHE,int64,0,2,0,1,0=Did not confer research/scholarship doctoral degrees; 1=Conferred research/scholarship doctoral degrees
docrsdeg,Doctoral degrees - research/scholarship,IPEDS,int64,0,237,0,1623,
drsas,"Research/scholarship doctoral degrees in Arts & Science fields (humanities, social sciences, & STEM)",CCIHE,int64,0,197,0,788,
drsprof,Research/scholarship doctoral degrees in professional/other fields,CCIHE,int64,0,143,0,1382,
enrprofile2021,2021 Enrollment Profile Classification,CCIHE,int64,0,7,1,7,
facnum,"Number full-time of faculty in ladder rank (assistant, associate, and full professors) Fall 2020",IPEDS,float64,3637,280,0.0,5280.0,
fallenr19,Total Fall 2019 enrollment,IPEDS,int64,0,2896,0,136139,
fallenr20,Total Fall 2020 enrollment,IPEDS,int64,0,2857,2,172935,
fallfte20,Fall 2020 Full-Time Equivalent enrollment (full-time plus one-third part-time),CCIHE,float64,0,3309,0.666667,147866.0,
grcip4pr,"Number of graduate degree programs, where a program is defined at the 4-digit CIP code level",IPEDS,int64,0,165,0,246,
grft20,"Graduate full-time enrollment, fall 2020",IPEDS,int64,0,992,0,42947,
grpt20,"Graduate part-time enrollment, fall 2020",IPEDS,int64,0,940,0,39668,
grtenr20,"Graduate total enrollment, fall 2020",IPEDS,int64,0,1242,0,45361,
hbcu,Historically Black College or University,IPEDS,int64,0,2,1,2,1=Yes; 2=No
hsi,Hispanic Serving Institution (Using composite lists),"HACU (member, non-member, and emerging HSIs)",int64,0,2,0,1,1=Yes; 2=No
hum_rsd,Humanities research/scholarship doctoral degrees,IPEDS w/CCIHE Mapping,float64,3637,81,0.0,174.0,
iclevel,Level of institution,IPEDS,int64,0,2,1,2,1=Four or more years; 2=At least 2 but less than 4 years
ipgrad2021,2021 Graduate Instructional Program Classification,CCIHE,int64,0,19,0,18,
ipug2021,2021 Undergraduate Instructional Program Classification,CCIHE,int64,0,21,0,20,"0=Not Classified (Exclusively Graduate Programs); 1=Associate's Colleges: High Transfer; 2=Associate's Colleges: Mixed Transfer/Career & Technical; 3=Associate's Colleges: High Career & Technical; 4=Special Focus: Two-Year Institution; 5=Baccalaureate/Associates Colleges; 6=Arts & sciences focus, no graduate coexistence; 7=Arts & sciences focus, some graduate coexistence; 8=Arts & sciences focus, high graduate coexistence; 9=Arts & sciences plus professions, no graduate coexistence; 10=Arts & sciences plus professions, some graduate coexistence; 11=Arts & sciences plus professions, high graduate coexistence; 12=Balanced arts & sciences/professions, no graduate coexistence; 13=Balanced arts & sciences/professions, some graduate coexistence; 14=Balanced arts & sciences/professions, high graduate coexistence; 15=Professions plus arts & sciences, no graduate coexistence; 16=Professions plus arts & sciences, some graduate coexistence; 17=Professions plus arts & sciences, high graduate coexistence; 18=Professions focus, no graduate coexistence; 19=Professions focus, some graduate coexistence; 20=Professions focus, high graduate coexistence"
landgrnt,Land-grant institution,IPEDS,int64,0,2,1,2,1=Yes; 2=No
locale,Degree of urbanization (Urban-centric locale),IPEDS,int64,0,14,-3,43,-3={Not available}; 11=City Large; 12=City Midsize; 13=City Small; 21=Suburb Large; 22=Suburb Midsize; 23=Suburb Small; 31=Town Fringe; 32=Town Distant; 33=Town Remote; 41=Rural Fringe; 42=Rural Distant; 43=Rural Remote
lrgstcip2_1,Two-digit CIP code designation in which institution conferred the most degrees,CCIHE,float64,1,38,1.0,54.0,
lrgstcip2_2,Two-digit CIP code designation in which institution conferred the most degrees (if there is a tie),CCIHE,float64,3925,8,11.0,51.0,
lrgstcip2_degs,Number of degrees awarded in largest two-digit CIP code,CCIHE,int64,0,1072,0,17057,
mastdeg,Master's degrees conferred,IPEDS,int64,0,784,0,17808,
maxgpbus,Two-digit CIP under which institution confers the most graduate degrees is Business,CCIHE,int64,0,2,0,1,
maxgpeduc,Two-digit CIP under which institution confers the most graduate degrees is Education,CCIHE,int64,0,2,0,1,
maxgpoth,Two-digit CIP under which institution confers the most graduate degrees is other than Business or Education,CCIHE,int64,0,2,0,1,
medical,"Institution grants a medical degree (MD, DDS, DMD, DO, DVM)",IPEDS,int64,0,2,1,2,1=Yes; 2=No
msi,"Minority Serving Institution (HSI, HBCU, or Tribal College or University only)","HACU (HSI), IPEDS (HBCU and Tribal)",int64,0,2,0,1,0=No; 1=Yes
nact,Number of first-time entering students who submitted ACT score,IPEDS,float64,1288,618,0.0,7265.0,
name,Institution name,IPEDS,str,0,3895,,,
ngcip2dr,Number of different 2-digit CIP codes in which institution confers research/scholarship doctoral degrees,CCIHE,float64,1,27,0.0,26.0,
ngcip2pxdr,"Number of different 2-digit CIP codes in which institution confers master's, doctoral-professional practice, and doctoral-other degrees",CCIHE,float64,1,28,0.0,27.0,
nonserd,Non Science & Engineering Research & Development Expenditures ($Thousands),NSF,float64,3637,277,0.0,146396.0,
nsat,Number of first-time entering students who submitted  SAT score,IPEDS,float64,1288,677,0.0,11957.0,
numcip2,Number of different 2-digit CIP codes in which institution confers any degree,CCIHE,float64,1,33,1.0,33.0,
obereg,Region code,IPEDS,int64,0,10,0,9,0=US Service schools; 1=New England CT ME MA NH RI VT; 2=Mid East DE DC MD NJ NY PA; 3=Great Lakes IL IN MI OH WI; 4=Plains IA KS MN MO NE ND SD; 5=Southeast AL AR FL GA KY LA MS NC SC TN VA WV; 6=Southwest AZ NM OK TX; 7=Rocky Mountains CO ID MT UT WY; 8=Far West AK CA HI NV OR WA; 9=Outlying areas AS FM GU MH MP PR PW VI
ogrdas,"Master's, doctoral-professional practice, and doctoral-other degrees conferred in the Arts & Sciences",CCIHE,int64,0,417,0,4726,
ogrdprof,"Master's, doctoral-professional practice, and doctoral-other degrees conferred in the Professional fields",CCIHE,int64,0,752,0,17107,
oth_rsd,Number of research/scholarship doctoral degrees conferred in professional fields,IPEDS w/CCIHE Mapping,float64,3637,124,0.0,491.0,
pctadmitf20,Percent of applicants admitted (used with test scores for selectivity index),CCIHE,float64,1288,1609,0.0,1.0,
pctcoex,Percent of CIP4 areas in which undergraduate degrees are conferred that graduate degrees are also conferred,CCIHE,float64,0,520,0.0,1.0,
pctlrgst,Percent of total degrees conferred in CIP-2 designation under which largest number of degrees conferred,CCIHE,float64,0,2914,0.0,1.0,
pdnfrstaff,Postdoctorates and non-faculty research staff with doctorates,NSF,float64,3637,202,0.0,7147.0,
profbadeg,Number of baccalaureate degrees conferred in professional fields,CCIHE,int64,0,948,0,23881,
progmixratio,Program mix ratio used for associates college basic classification subcategories,CCIHE,float64,2991,893,0.0,1.0,
pset4flg,Postsecondary and Title IV institution indicator,IPEDS,float64,11,4,1.0,6.0,
rooms,"Total dormitory capacity (campus-owned, -operated, or -affiliated housing)",IPEDS,int64,0,1368,0,20580,
serd,Science & Engineering Research & Development Expenditures ($Thousands),NSF,float64,3637,302,539.0,3104669.0,
satacteq25,The ACT equivalent score for the combined 25th percentile SAT score,CCIHE,float64,1288,25,0.0,34.0,
satcmb25,Combined SAT-Math and SAT-Verbal 25th percentiles scores,CCIHE,float64,1288,85,0.0,1530.0,
satm25,SAT-Math 25th percentile score,IPEDS,float64,1288,99,0.0,790.0,
satv25,SAT-Verbal 25th percentile score,IPEDS,float64,1288,95,0.0,740.0,
sector,Sector of institution (control and level combined),IPEDS,int64,0,6,1,6,"1=Public, 4-year or above; 2=Private not-for-profit, 4-year or above; 3=Private for-profit, 4-year or above; 4=Public, 2-year; 5=Private not-for-profit, 2-year; 6=Private for-profit, 2-year"
sizeset2021,2021 Size and Setting Classification,CCIHE,int64,0,18,1,18,
socsc_rsd,Social Science research/scholarship doctoral degrees,IPEDS w/CCIHE Mapping,float64,3637,69,0.0,96.0,
stabbr,State abbreviation,IPEDS,str,0,59,,,
stdmixratio,Student mix ratio used for associates college basic classification subcategories,nan,float64,2991,940,0.0,1.448,
stem_rsd,STEM research/scholarship doctoral degrees,IPEDS w/CCIHE Mapping,float64,3637,171,0.0,635.0,
totdeg,Total degrees conferred,IPEDS,int64,0,1713,0,42484,
tribal,Tribal College flag,IPEDS,int64,0,2,1,2,1=Yes; 2=No
ugcip4pr,Number of different 4-digit CIP code designations in which institution confers an undergraduate degree,CCIHE,int64,0,101,0,133,
ugdsft20,Undergraduate degree-seeking full-time enrollment,IPEDS,int64,0,2341,0,104919,
ugdspt20,Undergraduate degree-seeking part-time enrollment,IPEDS,int64,0,1553,0,104526,
ugn1sttmft20,Undergraduate new first-time full-time students,IPEDS,int64,0,1313,0,15259,
ugn1sttmpt20,Undergraduate new first-time part-time students,IPEDS,int64,0,577,0,11353,
ugndft20,Undergraduate non-degree full-time students,IPEDS,int64,0,377,0,5355,
ugndpt20,Undergraduate non-degree part-time students,IPEDS,int64,0,1127,0,24160,
ugntrft20,Undergraduate new transfer-in full-time students,IPEDS,int64,0,711,0,15616,
ugntrpt20,Undergraduate new transfer-in part-time students,IPEDS,int64,0,615,0,9975,
ugprofile2021,2021 Undergraduate Profile Classification,CCIHE,int64,0,16,0,15,
ugtenr20,"Undergraduate total enrollment, fall 2020",IPEDS,int64,0,2704,0,172216,
unitid,Unique IPEDS identification number for an institution,IPEDS,int64,0,3939,100654,999911,
womens,Women's College flag,Women's College Coalition,int64,0,3,0,2,0=No; 1=Yes
